"name","lat","lng","population","toBernPerHMon","toBernPerHTue","toBernPerHWed","toBernPerHThu","toBernPerHFri","toBernPerHSat","toBernPerHSun","toBernAnyDay","toZhPerHMon","toZhPerHTue","toZhPerHWed","toZhPerHThu","toZhPerHFri","toZhPerHSat","toZhPerHSun","toZhAnyDay","avDurToZh","avDurToBern"
"Affoltern am Albis",47.278247,8.452152,11708,0,0,0,0,0,0,0,0,5.88486842105263,5.88486842105263,5.88486842105263,5.88486842105263,5.88486842105263,5.88486842105263,5.88486842105263,5.88486842105263,30.925953815261,NA
"Bonstetten",47.315466,8.46706,5326,0,0,0,0,0,0,0,0,4.63157894736842,4.63157894736842,4.63157894736842,4.63157894736842,4.63157894736842,4.63157894736842,4.63157894736842,4.63157894736842,24.2132352941176,NA
"Hedingen",47.298441,8.448976,3660,0,0,0,0,0,0,0,0,5.57894736842105,5.57894736842105,5.57894736842105,5.57894736842105,5.57894736842105,5.57894736842105,5.57894736842105,5.57894736842105,28.3604465709729,NA
"Knonau",47.225146,8.457307,2097,0,0,0,0,0,0,0,0,2.89473684210526,2.89473684210526,2.89473684210526,2.89473684210526,2.89473684210526,2.89473684210526,2.89473684210526,2.89473684210526,38.5257731958763,NA
"Mettmenstetten",47.243488,8.46367,4669,0,0,0,0,0,0,0,0,2.89473684210526,2.89473684210526,2.89473684210526,2.89473684210526,2.89473684210526,2.89473684210526,2.89473684210526,2.89473684210526,35.701030927835,NA
"Stallikon",47.326923,8.490105,3455,0,0,0,0,0,0,0,0,17.5789473684211,17.5789473684211,17.5789473684211,17.5789473684211,17.5789473684211,17.5789473684211,17.5789473684211,17.5789473684211,16.0653526970954,NA
"Wettswil am Albis",47.336532,8.472275,4920,0,0,0,0,0,0,0,0,15.7017543859649,15.7017543859649,15.7017543859649,15.7017543859649,15.7017543859649,15.7017543859649,15.7017543859649,15.7017543859649,16.9805936073059,NA
"Dachsen",47.66619,8.615053,1988,0,0,0,0,0,0,0,0,1.82352941176471,1.82352941176471,1.82352941176471,1.82352941176471,1.82352941176471,1.82352941176471,1.82352941176471,1.82352941176471,50,NA
"Flurlingen",47.686076,8.627235,1438,0,0,0,0,0,0,0,0,5.93927125506073,5.93927125506073,5.93927125506073,5.93927125506073,5.93927125506073,5.93927125506073,5.93927125506073,5.93927125506073,57.9389763779528,NA
"Andelfingen",47.595333,8.679434,2170,0,0,0,0,0,0,0,0,3.76470588235294,3.76470588235294,3.76470588235294,3.76470588235294,3.76470588235294,3.76470588235294,3.76470588235294,3.76470588235294,43.8,NA
"Henggart",47.563229,8.683573,2249,0,0,0,0,0,0,0,0,3.70588235294118,3.70588235294118,3.70588235294118,3.70588235294118,3.70588235294118,3.70588235294118,3.70588235294118,3.70588235294118,36,NA
"Laufen-Uhwiesen",47.674114,8.61434,1634,0,0,0,0,0,0,0,0,4.29721362229102,4.29721362229102,4.29721362229102,4.29721362229102,4.29721362229102,4.29721362229102,4.29721362229102,4.29721362229102,54.9776119402985,NA
"Marthalen",47.625775,8.650158,1956,0,0,0,0,0,0,0,0,1.82352941176471,1.82352941176471,1.82352941176471,1.82352941176471,1.82352941176471,1.82352941176471,1.82352941176471,1.82352941176471,45,NA
"Bassersdorf",47.443571,8.629913,11580,0,0,0,0,0,0,0,0,15.4210526315789,15.4210526315789,15.4210526315789,15.4210526315789,15.4210526315789,15.4210526315789,15.4210526315789,15.4210526315789,21.0392156862745,NA
"Bülach",47.517232,8.540712,19393,0,0,0,0,0,0,0,0,4.91021671826625,4.91021671826625,4.91021671826625,4.91021671826625,4.91021671826625,4.91021671826625,4.91021671826625,4.91021671826625,25.6308139534884,NA
"Dietlikon",47.422281,8.615598,7625,0,0,0,0,0,0,0,0,7.65942028985507,7.65942028985507,7.65942028985507,7.65942028985507,7.65942028985507,7.65942028985507,7.65942028985507,7.65942028985507,15.3787099327266,NA
"Eglisau",47.573321,8.523983,5025,0,0,0,0,0,0,0,0,10.8097165991903,10.8097165991903,10.8097165991903,10.8097165991903,10.8097165991903,10.8097165991903,10.8097165991903,10.8097165991903,36.2422702950547,NA
"Kloten",47.452513,8.586148,18452,3.52941176470588,3.58823529411765,3.41176470588235,3.64705882352941,3.47058823529412,5.23529411764706,5.52941176470588,4.05882352941176,45.7076858813701,45.7076858813701,45.7076858813701,45.7076858813701,45.7076858813701,45.7076858813701,45.7076858813701,45.7076858813701,20.9666442750348,78.9716656547258
"Opfikon",47.432267,8.577998,18617,2,2,2,2,2,4,6,2.85714285714286,196.758980785297,196.758980785297,196.758980785297,196.758980785297,196.758980785297,196.758980785297,196.758980785297,196.758980785297,19.1495996242767,79
"Rafz",47.611468,8.54023,4344,0,0,0,0,0,0,0,0,6.33603238866397,6.33603238866397,6.33603238866397,6.33603238866397,6.33603238866397,6.33603238866397,6.33603238866397,6.33603238866397,43.9987732570027,NA
"Wallisellen",47.41662,8.591999,15662,0,0,0,0,0,0,0,0,62.9519450800915,62.9519450800915,62.9519450800915,62.9519450800915,62.9519450800915,62.9519450800915,62.9519450800915,62.9519450800915,17.8991448547137,NA
"Buchs (ZH)",47.458611,8.440799,6294,0,0,0,0,0,0,0,0,2.15789473684211,2.15789473684211,2.15789473684211,2.15789473684211,2.15789473684211,2.15789473684211,2.15789473684211,2.15789473684211,22.9655172413793,NA
"Dänikon",47.445933,8.405715,1890,0,0,0,0,0,0,0,0,2.15789473684211,2.15789473684211,2.15789473684211,2.15789473684211,2.15789473684211,2.15789473684211,2.15789473684211,2.15789473684211,25.9655172413793,NA
"Dielsdorf",47.481037,8.454325,5921,0,0,0,0,0,0,0,0,5.55555555555556,5.55555555555556,5.55555555555556,5.55555555555556,5.55555555555556,5.55555555555556,5.55555555555556,5.55555555555556,26.3255813953488,NA
"Niederglatt",47.491843,8.503011,4768,0,0,0,0,0,0,0,0,7.44444444444444,7.44444444444444,7.44444444444444,7.44444444444444,7.44444444444444,7.44444444444444,7.44444444444444,7.44444444444444,24.8259441707718,NA
"Niederhasli",47.481295,8.485805,9100,0,0,0,0,0,0,0,0,2.77777777777778,2.77777777777778,2.77777777777778,2.77777777777778,2.77777777777778,2.77777777777778,2.77777777777778,2.77777777777778,22.8255813953488,NA
"Niederweningen",47.505042,8.378573,2853,0,0,0,0,0,0,0,0,2.77777777777778,2.77777777777778,2.77777777777778,2.77777777777778,2.77777777777778,2.77777777777778,2.77777777777778,2.77777777777778,33.8255813953488,NA
"Oberglatt",47.476804,8.520355,6818,0,0,0,0,0,0,0,0,6.44444444444444,6.44444444444444,6.44444444444444,6.44444444444444,6.44444444444444,6.44444444444444,6.44444444444444,6.44444444444444,20.5039390756303,NA
"Otelfingen",47.460873,8.389217,2784,0,0,0,0,0,0,0,0,2.15789473684211,2.15789473684211,2.15789473684211,2.15789473684211,2.15789473684211,2.15789473684211,2.15789473684211,2.15789473684211,26.9827586206897,NA
"Regensdorf",47.43167,8.468694,18036,0,0,0,0,0,0,0,0,4.91228070175439,4.91228070175439,4.91228070175439,4.91228070175439,4.91228070175439,4.91228070175439,4.91228070175439,4.91228070175439,16.4721461187215,NA
"Rümlang",47.450716,8.529912,7774,0,0,0,0,0,0,0,0,11.5707602339181,11.5707602339181,11.5707602339181,11.5707602339181,11.5707602339181,11.5707602339181,11.5707602339181,11.5707602339181,14.5460360763268,NA
"Schöfflisdorf",47.499856,8.416203,1396,0,0,0,0,0,0,0,0,2.77777777777778,2.77777777777778,2.77777777777778,2.77777777777778,2.77777777777778,2.77777777777778,2.77777777777778,2.77777777777778,30.8255813953488,NA
"Bubikon",47.268292,8.819161,7019,0,0,0,0,0,0,0,0,9.26315789473684,9.26315789473684,9.26315789473684,9.26315789473684,9.26315789473684,9.26315789473684,9.26315789473684,9.26315789473684,34.5852407754847,NA
"Hinwil",47.301532,8.841942,10848,0,0,0,0,0,0,0,0,6.10526315789474,6.10526315789474,6.10526315789474,6.10526315789474,6.10526315789474,6.10526315789474,6.10526315789474,6.10526315789474,40.8629032258064,NA
"Rüti (ZH)",47.257967,8.860515,12047,0,0,0,0,0,0,0,0,6.21052631578947,6.21052631578947,6.21052631578947,6.21052631578947,6.21052631578947,6.21052631578947,6.21052631578947,6.21052631578947,34.2205128205128,NA
"Seegräben",47.342142,8.770958,1432,0,0,0,0,0,0,0,0,7.15413533834587,7.15413533834587,7.15413533834587,7.15413533834587,7.15413533834587,7.15413533834587,7.15413533834587,7.15413533834587,30.1610282874618,NA
"Wetzikon (ZH)",47.322496,8.806721,24407,0,0,0,0,0,0,0,0,16.9415204678363,16.9415204678363,16.9415204678363,16.9415204678363,16.9415204678363,16.9415204678363,16.9415204678363,16.9415204678363,33.2286190407498,NA
"Adliswil",47.311762,8.52491,18605,0,0,0,0,0,0,0,0,20,20,20,20,20,20,20,20,14.4,NA
"Horgen",47.260692,8.597683,20207,0,0,0,0,0,0,0,0,12.5906432748538,12.5906432748538,12.5906432748538,12.5906432748538,12.5906432748538,12.5906432748538,12.5906432748538,12.5906432748538,25.2434045423176,NA
"Kilchberg (ZH)",47.325426,8.548375,8098,0,0,0,0,0,0,0,0,47.1052631578947,47.1052631578947,47.1052631578947,47.1052631578947,47.1052631578947,47.1052631578947,47.1052631578947,47.1052631578947,14.927018831023,NA
"Langnau am Albis",47.280358,8.528414,7452,0,0,0,0,0,0,0,0,7.125,7.125,7.125,7.125,7.125,7.125,7.125,7.125,20.5,NA
"Oberrieden",47.278074,8.576097,5037,0,0,0,0,0,0,0,0,8.98335582546109,8.98335582546109,8.98335582546109,8.98335582546109,8.98335582546109,8.98335582546109,8.98335582546109,8.98335582546109,24.2554138795987,NA
"Richterswil",47.209108,8.701705,13198,0,0,0,0,0,0,0,0,9.31578947368421,9.31578947368421,9.31578947368421,9.31578947368421,9.31578947368421,9.31578947368421,9.31578947368421,9.31578947368421,35.957881773399,NA
"Rüschlikon",47.307465,8.554642,5674,0,0,0,0,0,0,0,0,9.63157894736842,9.63157894736842,9.63157894736842,9.63157894736842,9.63157894736842,9.63157894736842,9.63157894736842,9.63157894736842,17.6940133037694,NA
"Thalwil",47.294433,8.563576,17747,0,0,0,0,0,0,0,0,17.8947368421053,17.8947368421053,17.8947368421053,17.8947368421053,17.8947368421053,17.8947368421053,17.8947368421053,17.8947368421053,17.7192555293746,NA
"Wädenswil",47.227884,8.670198,21621,0,0,0,0,0,0,0,0,14.5263157894737,14.5263157894737,14.5263157894737,14.5263157894737,14.5263157894737,14.5263157894737,14.5263157894737,14.5263157894737,29.802560744944,NA
"Erlenbach (ZH)",47.301611,8.591533,5470,0,0,0,0,0,0,0,0,13.0315789473684,13.0315789473684,13.0315789473684,13.0315789473684,13.0315789473684,13.0315789473684,13.0315789473684,13.0315789473684,16.8510950141907,NA
"Herrliberg",47.290557,8.612472,6295,0,0,0,0,0,0,0,0,4.2,4.2,4.2,4.2,4.2,4.2,4.2,4.2,21.7777777777778,NA
"Hombrechtikon",47.252335,8.768028,8485,0,0,0,0,0,0,0,0,3.05263157894737,3.05263157894737,3.05263157894737,3.05263157894737,3.05263157894737,3.05263157894737,3.05263157894737,3.05263157894737,33.9918699186992,NA
"Männedorf",47.253174,8.691815,10593,0,0,0,0,0,0,0,0,3.26315789473684,3.26315789473684,3.26315789473684,3.26315789473684,3.26315789473684,3.26315789473684,3.26315789473684,3.26315789473684,24.4744525547445,NA
"Meilen",47.26942,8.64259,13531,0,0,0,0,0,0,0,0,10.6467105263158,10.6467105263158,10.6467105263158,10.6467105263158,10.6467105263158,10.6467105263158,10.6467105263158,10.6467105263158,25.3201754385965,NA
"Stäfa",47.241335,8.734875,14178,0,0,0,0,0,0,0,0,7.26315789473684,7.26315789473684,7.26315789473684,7.26315789473684,7.26315789473684,7.26315789473684,7.26315789473684,7.26315789473684,29.5716114345425,NA
"Uetikon am See",47.269368,8.68316,5988,0,0,0,0,0,0,0,0,5.1140350877193,5.1140350877193,5.1140350877193,5.1140350877193,5.1140350877193,5.1140350877193,5.1140350877193,5.1140350877193,26.1168877099912,NA
"Zollikon",47.339568,8.576126,12753,0,0,0,0,0,0,0,0,71.6432748538012,71.6432748538012,71.6432748538012,71.6432748538012,71.6432748538012,71.6432748538012,71.6432748538012,71.6432748538012,14.5298469348673,NA
"Fehraltorf",47.387371,8.752012,6307,0,0,0,0,0,0,0,0,2.63157894736842,2.63157894736842,2.63157894736842,2.63157894736842,2.63157894736842,2.63157894736842,2.63157894736842,2.63157894736842,27.55,NA
"Illnau-Effretikon",47.431422,8.715717,16327,0,0,0,0,0,0,0,0,7.88304093567251,7.88304093567251,7.88304093567251,7.88304093567251,7.88304093567251,7.88304093567251,7.88304093567251,7.88304093567251,28.5781832298137,NA
"Kyburg",47.457086,8.744344,407,0,0,0,0,0,0,0,0,2.625,2.625,2.625,2.625,2.625,2.625,2.625,2.625,32.2608787050662,NA
"Lindau",47.442668,8.672284,5388,0,0,0,0,0,0,0,0,29.7015151515151,29.7015151515151,29.7015151515151,29.7015151515151,29.7015151515151,29.7015151515151,29.7015151515151,29.7015151515151,22.1891695212885,NA
"Pfäffikon",47.200306,8.778075,11454,0,0,0,0,0,0,0,0,19.9154411764706,19.9154411764706,19.9154411764706,19.9154411764706,19.9154411764706,19.9154411764706,19.9154411764706,19.9154411764706,43.5214199190384,NA
"Weisslingen",47.43185,8.764098,3261,0,0,0,0,0,0,0,0,0.714285714285714,0.714285714285714,0.714285714285714,0.714285714285714,0.714285714285714,0.714285714285714,0.714285714285714,0.714285714285714,39,NA
"Wila",47.419985,8.845368,1931,0,0,0,0,0,0,0,0,0.714285714285714,0.714285714285714,0.714285714285714,0.714285714285714,0.714285714285714,0.714285714285714,0.714285714285714,0.714285714285714,50,NA
"Dübendorf",47.396824,8.618302,26844,0,0,0,0,0,0,0,0,17.1666666666667,17.1666666666667,17.1666666666667,17.1666666666667,17.1666666666667,17.1666666666667,17.1666666666667,17.1666666666667,15.425641025641,NA
"Greifensee",47.366248,8.678669,5374,0,0,0,0,0,0,0,0,6.42105263157895,6.42105263157895,6.42105263157895,6.42105263157895,6.42105263157895,6.42105263157895,6.42105263157895,6.42105263157895,22.6666666666667,NA
"Schwerzenbach",47.381502,8.652301,5001,0,0,0,0,0,0,0,0,18.1111111111111,18.1111111111111,18.1111111111111,18.1111111111111,18.1111111111111,18.1111111111111,18.1111111111111,18.1111111111111,18.3898887434555,NA
"Uster",47.351207,8.717922,33886,0,0,0,0,0,0,0,0,12.9385964912281,12.9385964912281,12.9385964912281,12.9385964912281,12.9385964912281,12.9385964912281,12.9385964912281,12.9385964912281,20.7459384683488,NA
"Elgg",47.494575,8.866213,4218,0,0,0,0,0,0,0,0,1.3125,1.3125,1.3125,1.3125,1.3125,1.3125,1.3125,1.3125,40,NA
"Elsau",47.50207,8.805757,3480,0,0,0,0,0,0,0,0,2.625,2.625,2.625,2.625,2.625,2.625,2.625,2.625,36,NA
"Hettlingen",47.546775,8.709514,3114,0,0,0,0,0,0,0,0,3.70588235294118,3.70588235294118,3.70588235294118,3.70588235294118,3.70588235294118,3.70588235294118,3.70588235294118,3.70588235294118,32,NA
"Seuzach",47.534596,8.733834,7211,0,0,0,0,0,0,0,0,2.94117647058824,2.94117647058824,2.94117647058824,2.94117647058824,2.94117647058824,2.94117647058824,2.94117647058824,2.94117647058824,35.625,NA
"Turbenthal",47.436815,8.848521,4472,0,0,0,0,0,0,0,0,0.714285714285714,0.714285714285714,0.714285714285714,0.714285714285714,0.714285714285714,0.714285714285714,0.714285714285714,0.714285714285714,47,NA
"Winterthur",47.499172,8.72915,108268,4.86607142857143,4.91071428571429,4.71428571428571,5.91964285714286,3.86607142857143,5.97321428571429,7.97899159663866,5.46128451380552,29.5686469962786,29.5686469962786,29.5686469962786,29.5686469962786,29.5686469962786,29.5686469962786,29.5686469962786,29.5686469962786,28.6893417658806,94.348233290762
"Zell (ZH)",47.449333,8.815793,5700,0,0,0,0,0,0,0,0,0.714285714285714,0.714285714285714,0.714285714285714,0.714285714285714,0.714285714285714,0.714285714285714,0.714285714285714,0.714285714285714,43,NA
"Birmensdorf (ZH)",47.351952,8.439633,6254,0,0,0,0,0,0,0,0,6.85380116959064,6.85380116959064,6.85380116959064,6.85380116959064,6.85380116959064,6.85380116959064,6.85380116959064,6.85380116959064,18.1496624156039,NA
"Dietikon",47.406883,8.402089,26711,0,0,0,0,0,0,0,0,19.3215592457079,19.3215592457079,19.3215592457079,19.3215592457079,19.3215592457079,19.3215592457079,19.3215592457079,19.3215592457079,14.9969014307587,NA
"Oberengstringen",47.409141,8.462693,6575,1.4,1.53333333333333,1.6,1.53333333333333,1.8,2.6,2.46666666666667,1.84761904761905,197.121967963387,197.121967963387,197.121967963387,197.121967963387,197.121967963387,197.121967963387,197.121967963387,197.121967963387,15.1292178455131,83.5064935064935
"Schlieren",47.396515,8.444486,18453,0,0,0,0,0,0,0,0,7.73913043478261,7.73913043478261,7.73913043478261,7.73913043478261,7.73913043478261,7.73913043478261,7.73913043478261,7.73913043478261,11.4811111111111,NA
"Uitikon",47.370576,8.453096,4112,0,0,0,0,0,0,0,0,2.11111111111111,2.11111111111111,2.11111111111111,2.11111111111111,2.11111111111111,2.11111111111111,2.11111111111111,2.11111111111111,14,NA
"Unterengstringen",47.413093,8.449094,3648,0,0,0,0,0,0,0,0,0,0,0,0,0,0,0,0,18,NA
"Urdorf",47.384708,8.4259,9688,0,0,0,0,0,0,0,0,17.465178096757,17.465178096757,17.465178096757,17.465178096757,17.465178096757,17.465178096757,17.465178096757,17.465178096757,14.5800801418464,NA
"Zürich",47.372396,8.542322,396955,9.7650922177238,11.0935752843648,11.5848242400874,11.2584474005527,12.4003663003663,12.9391511266511,14.3530991883933,0,0,0,0,0,0,0,0,NA,9.05116242066534,73.4684379089689
"Wiesendangen",47.521305,8.78899,6226,0,0,0,0,0,0,0,0,10.5948529411765,10.5948529411765,10.5948529411765,10.5948529411765,10.5948529411765,10.5948529411765,10.5948529411765,10.5948529411765,39.7296511627907,NA
"Aarberg",47.044335,7.2753,4529,3.29411764705882,3.29411764705882,3.29411764705882,3.29411764705882,15.192513368984,14.2540106951872,2.11764705882353,6.39152024446142,0,0,0,0,0,0,0,0,NA,37.9269005847953
"Grossaffoltern",47.066783,7.360892,2999,3.27777777777778,6.38888888888889,3.5,5.38888888888889,8.33333333333333,9,2.55555555555556,5.49206349206349,0,0,0,0,0,0,0,0,NA,23.6315789473684
"Kappelen",47.0607,7.267294,1350,0,0,0,0,6,6,0,1.71428571428571,0,0,0,0,0,0,0,0,NA,38.8333333333333
"Lyss",47.072137,7.305262,14341,10.1623931623932,14.3482905982906,10.3290598290598,10.3846153846154,25.5373048004627,26.2215153267785,6.48188405797101,14.7807233085102,0,0,0,0,0,0,0,0,NA,43.256462585034
"Meikirch",47.008866,7.363461,2386,16.0853113175095,16.0853113175095,16.0853113175095,16.0853113175095,16.0853113175095,13.8366013071895,12.0102124183007,15.1819100447196,0,0,0,0,0,0,0,0,NA,26.4113984566158
"Radelfingen",47.021938,7.273086,1256,14.843137254902,14.843137254902,14.843137254902,14.843137254902,14.843137254902,10.0522875816993,9.52941176470588,13.3996265172736,0,0,0,0,0,0,0,0,NA,33.5555555555556
"Schüpfen",47.039427,7.377898,3719,2.66666666666667,5.88888888888889,2.88888888888889,2.94444444444444,11.6666666666667,12,2.55555555555556,5.8015873015873,0,0,0,0,0,0,0,0,NA,20.7413793103448
"Seedorf (BE)",47.035109,7.311659,3002,15.3543956043956,15.3543956043956,15.3543956043956,15.3543956043956,15.3543956043956,14.9793956043956,11.0178571428571,14.6813186813187,0,0,0,0,0,0,0,0,NA,40.1190476190476
"Langenthal",47.211585,7.788843,15447,2.68421052631579,2.73684210526316,2.68421052631579,2.57894736842105,4.7,6.31578947368421,3.34782608695652,3.57826086956522,1.33333333333333,1.33333333333333,1.33333333333333,1.33333333333333,1.33333333333333,1.33333333333333,1.33333333333333,1.33333333333333,55.4712643678161,51.0042735042735
"Thunstetten",47.202355,7.758287,3258,0,0,0,0,6,6,0,1.71428571428571,0,0,0,0,0,0,0,0,NA,55.5
"Bern",46.948271,7.451451,0,0,0,0,0,0,0,0,1134.50929255899,11.7653163829634,11.7653163829634,11.7653163829634,11.7653163829634,11.7653163829634,11.7653163829634,11.7653163829634,11.7653163829634,NA,7.41848032648564
"Bolligen",46.975561,7.49833,6138,5.66666666666667,7.66666666666667,5.66666666666667,5.66666666666667,5.66666666666667,4.05555555555556,3.27777777777778,5.38095238095238,0,0,0,0,0,0,0,0,NA,14.5
"Bremgarten bei Bern",46.978194,7.43417,4385,152.088450292398,149.421783625731,152.562134502924,152.562134502924,152.024122807018,116.561549707602,121.592604059168,142.401825642538,0,0,0,0,0,0,0,0,NA,9.65677592885854
"Kirchlindach",46.999707,7.41422,2900,36.0534915720674,36.0534915720674,36.0534915720674,36.0534915720674,36.1587547299622,24.7696938424493,21.0718954248366,32.3163300407882,0,0,0,0,0,0,0,0,NA,22.3376925152119
"Köniz",46.922239,7.413058,40214,646.230994152047,636.359485670699,689.950330371383,636.913875598086,631.242929292929,455.503678497958,450.018040935673,592.317047788396,0,0,0,0,0,0,0,0,NA,11.7659741073221
"Muri bei Bern",46.933299,7.499724,12984,78.672514619883,85.9510898458267,77.0584795321637,80.1111111111111,85.9245614035088,80.6508771929825,62.859649122807,78.7468975468975,0,0,0,0,0,0,0,0,NA,15.8361453582514
"Oberbalm",46.873078,7.402637,883,12.4444444444444,12.4444444444444,17.7719298245614,12.4444444444444,12.6081871345029,17.6081871345029,17.280701754386,14.6574770258981,0,0,0,0,0,0,0,0,NA,20.7642405063291
"Stettlen",46.959255,7.524777,3149,7.66666666666667,11.6666666666667,7.66666666666667,7.66666666666667,11.6666666666667,11.5555555555556,6.44444444444444,9.19047619047619,0,0,0,0,0,0,0,0,NA,16
"Vechigen",46.94941,7.562916,5252,7.66666666666667,9.66666666666667,7.66666666666667,7.66666666666667,9.66666666666667,9.55555555555556,6.44444444444444,8.33333333333333,0,0,0,0,0,0,0,0,NA,20.5
"Wohlen bei Bern",46.98213,7.347798,8987,49.59305125559,49.59305125559,49.59305125559,49.59305125559,49.8094255245958,41.0916752665979,32.5184253525972,45.9702473094501,0,0,0,0,0,0,0,0,NA,23.8660712183055
"Zollikofen",46.995946,7.457642,10217,78.6389920880633,88.8135534915721,77.9047815617475,79.2047815617475,92.8384158926729,83.7800309597523,64.5830065359477,80.8233660130719,9,9,9,9,9,9,9,9,84.5,13.9883510423037
"Ittigen",46.979073,7.481521,11390,63.0298245614035,66.0140350877193,62.969298245614,64.6271929824561,58.2964912280702,48.2558479532164,51.8888888888889,59.2973684210526,0,0,0,0,0,0,0,0,NA,11.6568413194957
"Ostermundigen",46.958278,7.491124,16788,177.049415204678,156.135924462011,174.973757309942,177.049415204678,161.375702101103,85.0500312044935,84.1738304093567,145.115439413752,3,3,3,3,3,3,3,3,78.3333333333333,13.8975033800517
"Biel/Bienne",47.142045,7.258567,54163,0,2,0,0,4,4,0,1.42857142857143,0,0,0,0,0,0,0,0,NA,63
"Aefligen",47.094681,7.557221,1067,0,0,0,0,2,2,0,0.571428571428571,0,0,0,0,0,0,0,0,NA,33
"Burgdorf",47.057132,7.623747,16228,12.2426900584795,12.3914473684211,12.4411549707602,13.875,13.0657894736842,17.4273950808394,14.9722932651321,13.7736814596166,1.33333333333333,1.33333333333333,1.33333333333333,1.33333333333333,1.33333333333333,1.33333333333333,1.33333333333333,1.33333333333333,77.6588235294118,24.6560904520334
"Hasle bei Burgdorf",47.003261,7.645094,3353,7.44444444444444,7.5,8.5,7.77777777777778,6.72222222222222,3.55555555555556,3.38888888888889,6.41269841269841,0,0,0,0,0,0,0,0,NA,41.8110236220472
"Hindelbank",47.041871,7.538306,2414,6.15789473684211,6.21052631578947,5.26315789473684,5.63157894736842,6.31578947368421,7.89473684210526,8.16666666666667,6.52005012531328,0,0,0,0,0,0,0,0,NA,28.2721518987342
"Kirchberg (BE)",47.084824,7.586083,5817,0,0,0,0,2,2,0,0.571428571428571,0,0,0,0,0,0,0,0,NA,30
"Lyssach",47.065088,7.581929,1422,5.15789473684211,5.21052631578947,5.26315789473684,5.63157894736842,5.31578947368421,6.89473684210526,7.16666666666667,5.80576441102757,0,0,0,0,0,0,0,0,NA,21.5527426160338
"Oberburg",47.039,7.625648,2909,2.57894736842105,2.63157894736842,2.68421052631579,2.89473684210526,2.78947368421053,3.55555555555556,3.38888888888889,2.93191311612364,0,0,0,0,0,0,0,0,NA,37.7794117647059
"Wynigen",47.107538,7.668543,2011,4.5,3.5,3.44444444444444,1.44444444444444,1.47368421052632,1.72222222222222,1.08695652173913,2.45310740619665,0,0,0,0,0,0,0,0,NA,22.2203389830508
"Gampelen",47.014226,7.057439,864,4,4,4,4,4,2,2,3.42857142857143,0,0,0,0,0,0,0,0,NA,39
"Ins",47.005898,7.105647,3444,4.50375939849624,4.43233082706767,4.43233082706767,4.06390977443609,4.90601503759398,2.27777777777778,1.27777777777778,3.69912877431674,0,0,0,0,0,0,0,0,NA,37.9569444444444
"Müntschemier",46.996168,7.144203,1333,1,0.9375,0.9375,0.9375,0.9375,2,4,1.53571428571429,0,0,0,0,0,0,0,0,NA,30
"Bätterkinden",47.13178,7.539891,3186,2.52631578947368,2.52631578947368,2.52631578947368,2.52631578947368,6.52631578947368,6,2,3.5187969924812,0,0,0,0,0,0,0,0,NA,34.8208333333333
"Fraubrunnen",47.08619,7.525395,4889,6.77777777777778,6.77777777777778,6.77777777777778,6.77777777777778,12.2777777777778,12.1666666666667,6.66666666666667,8.31746031746032,0,0,0,0,0,0,0,0,NA,25.6469181562145
"Jegenstorf",47.049814,7.508572,5609,6.77777777777778,6.77777777777778,6.77777777777778,6.77777777777778,8.27777777777778,7.66666666666667,5.33333333333333,6.91269841269841,0,0,0,0,0,0,0,0,NA,18.4691069574247
"Moosseedorf",47.016366,7.483901,4012,4.11111111111111,5.11111111111111,4.11111111111111,4.11111111111111,5.61111111111111,6.11111111111111,3.27777777777778,4.63492063492063,0,0,0,0,0,0,0,0,NA,14.5
"Münchenbuchsee",47.021332,7.45192,9947,5.05555555555556,11.2777777777778,8,4.38888888888889,25.5555555555556,24.5,2.55555555555556,11.6190476190476,0,0,0,0,0,0,0,0,NA,14.9441304347826
"Urtenen-Schönbühl",47.019525,7.503366,6211,17.1228070175439,17.1754385964912,15.3333333333333,15.5438596491228,20.4122807017544,19.7602339181287,14.9761904761905,17.1891633846521,0,0,0,0,0,0,0,0,NA,17.7783078880407
"Frutigen",46.587421,7.644437,6857,2,4,1,1,3,2.5,4.5,2.57142857142857,1,1,1,1,1,1,1,1,113,54.3125
"Kandersteg",46.497587,7.675664,1314,1,2,0,0,2,3,5,1.85714285714286,0,0,0,0,0,0,0,0,NA,76.5555555555556
"Krattigen",46.660973,7.725612,1101,2,4,0,0,7,6,5,3.42857142857143,0,0,0,0,0,0,0,0,NA,70.05
"Därligen",46.66065,7.809417,407,2,2,2,2,4,6,5,3.28571428571429,0,0,0,0,0,0,0,0,NA,81
"Interlaken",46.685523,7.858514,5692,2.05555555555556,2.11805555555556,2.23611111111111,2.34027777777778,2.33333333333333,4.5,4.19444444444444,2.82539682539683,0,0,0,0,0,0,0,0,NA,63.6102292768959
"Leissigen",46.654069,7.77386,1020,2,2,2,2,4,6,5,3.28571428571429,0,0,0,0,0,0,0,0,NA,76.6666666666667
"Unterseen",46.687165,7.849637,5690,1.94444444444444,2,3.05555555555556,2.22222222222222,3.21052631578947,5.26315789473684,4,3.09941520467836,0,0,0,0,0,0,0,0,NA,67.5407925407925
"Bowil",46.892954,7.695068,1370,3.36842105263158,3.36842105263158,3.63157894736842,3.78947368421053,4.36842105263158,4.21052631578947,3.15789473684211,3.69924812030075,0,0,0,0,0,0,0,0,NA,35.48
"Kiesen",46.81954,7.584815,924,0,2,0,0,1.5,1.5,0,0.714285714285714,0,0,0,0,0,0,0,0,NA,31.6
"Konolfingen",46.879415,7.620985,5225,6.31578947368421,5.36842105263158,6.63157894736842,6.78947368421053,8.31578947368421,8,6.05263157894737,6.78195488721805,0,0,0,0,0,0,0,0,NA,30.287037037037
"Münsingen",46.873978,7.563194,11813,4.63157894736842,13.5789473684211,3.47368421052632,3.52631578947368,13.8684210526316,12.8157894736842,4.77443609022556,8.09559613319012,0,0,0,0,0,0,0,0,NA,21.9677928488469
"Oppligen",46.819957,7.595542,658,0,2,0,0,1.5,1.5,0,0.714285714285714,0,0,0,0,0,0,0,0,NA,33.6
"Rubigen",46.898862,7.544517,2920,2.78947368421053,6.73684210526316,2.63157894736842,2.68421052631579,7.97368421052632,8.13157894736842,2.68421052631579,4.80451127819549,0,0,0,0,0,0,0,0,NA,18.9908333333333
"Tägertschi",46.876308,7.585577,386,3.21052631578947,2.21052631578947,3.42105263157895,2.57894736842105,4.21052631578947,3.15789473684211,3.05263157894737,3.1203007518797,0,0,0,0,0,0,0,0,NA,27.4776119402985
"Worb",46.930862,7.564552,11449,21.6923976608187,22.9818713450292,21.9029239766082,22.0608187134503,23.9627325890484,24.3492822966507,17.5994152046784,22.0784916837548,0,0,0,0,0,0,0,0,NA,22.7916784375448
"Zäziwil",46.901015,7.661131,1642,3.31578947368421,3.31578947368421,3.57894736842105,3.73684210526316,4.31578947368421,4.21052631578947,3.15789473684211,3.66165413533835,0,0,0,0,0,0,0,0,NA,32.010101010101
"Allmendingen",46.913624,7.521202,545,10.3157894736842,15.6578947368421,10.3157894736842,10.3157894736842,14.8545454545455,14.8545454545455,6.63157894736842,11.8494190020506,0,0,0,0,0,0,0,0,NA,18.5561293436293
"Wichtrach",46.845731,7.578342,4115,2.68421052631579,8.63157894736842,2.52631578947368,2.57894736842105,6.86842105263158,6.86842105263158,2.42105263157895,4.65413533834586,0,0,0,0,0,0,0,0,NA,26.8789772727273
"Ferenbalm",46.948833,7.210901,1234,4.42105263157895,4.42105263157895,4.36842105263158,4.42105263157895,6.15789473684211,6,3.24,4.7184962406015,0,0,0,0,0,0,0,0,NA,19.9252336448598
"Frauenkappelen",46.953409,7.335662,1207,48.3517543859649,47.509649122807,46.4043859649123,46.9833333333333,47.7423558897243,43.5167919799499,41.6966666666667,46.0292767633369,0,0,0,0,0,0,0,0,NA,14.8952877674685
"Gurbrü",46.964978,7.216489,246,0,0,0,0,1,1,0,0.285714285714286,0,0,0,0,0,0,0,0,NA,25
"Laupen",46.903302,7.239642,3079,0,2,2,2,16,16,1,5.57142857142857,0,0,0,0,0,0,0,0,NA,29.5
"Mühleberg",46.953371,7.261594,2854,0,0,0,0,3,3,0,0.857142857142857,0,0,0,0,0,0,0,0,NA,17.3333333333333
"Neuenegg",46.895472,7.303442,5194,26.643567251462,22.3850877192982,22.7046783625731,23.4573099415205,40.5330409356725,43.8277777777778,23.4466666666667,28.9997326649958,0,0,0,0,0,0,0,0,NA,19.2362761060775
"Aegerten",47.120241,7.288497,1874,0,4,0,0,8,8,0,2.85714285714286,0,0,0,0,0,0,0,0,NA,54.5
"Brügg",47.126608,7.277114,4298,2.21052631578947,6.36842105263158,2.42105263157895,2.42105263157895,10.2105263157895,10.8421052631579,2.42105263157895,5.27067669172932,0,0,0,0,0,0,0,0,NA,52.21
"Nidau",47.125029,7.241157,6955,5.11960784313725,9.17516339869281,7.17516339869281,5.51633986928105,12.8797385620915,12.5947712418301,8.26050420168067,8.67446978791517,4.71345029239766,4.71345029239766,4.71345029239766,4.71345029239766,4.71345029239766,4.71345029239766,4.71345029239766,4.71345029239766,78.7136842105263,44.3608430944345
"Port",47.119211,7.257291,3486,0,4,0,0,8,8,0,2.85714285714286,0,0,0,0,0,0,0,0,NA,59.5
"Studen (BE)",47.111512,7.301233,3107,4.42105263157895,7.73684210526316,4.84210526315789,4.84210526315789,10.4210526315789,11.6842105263158,4.84210526315789,6.96992481203008,0,0,0,0,0,0,0,0,NA,44.22
"Worben",47.100636,7.29635,2274,0,5,0,0,10,10,0,3.57142857142857,0,0,0,0,0,0,0,0,NA,51.2
"Reutigen",46.694273,7.623712,990,0,0,0,0,3,3,0,0.857142857142857,0,0,0,0,0,0,0,0,NA,69.3333333333333
"Spiez",46.691947,7.677466,12477,7.06746031746032,7.06979458450047,7.09444444444444,7.48333333333333,15.531954887218,21.2280701754386,15.8375350140056,11.6160846794858,1.52380952380952,1.52380952380952,1.52380952380952,1.52380952380952,1.52380952380952,1.52380952380952,1.52380952380952,1.52380952380952,102.002648129758,59.7629506043889
"Gsteig",47.032636,7.422647,976,0,2,0,0,6.5,6.5,0,2.14285714285714,0,0,0,0,0,0,0,0,NA,17.875
"Schwarzenburg",46.817916,7.341188,6857,9.89473684210526,9.89473684210526,13.1052631578947,9.89473684210526,10,13,10.8947368421053,10.9548872180451,0,0,0,0,0,0,0,0,NA,31.5128226204176
"Belp",46.88978,7.498388,11548,32.8889675168313,36.8044965354563,33.0530542041378,33.8645387979753,35.694230674726,28.7763501891985,23.8831699346405,32.1378296932808,0,0,0,0,0,0,0,0,NA,21.6361422027407
"Gurzelen",46.779331,7.531651,855,7.78947368421053,7.68421052631579,7.78947368421053,7.89473684210526,7.47368421052632,9.52631578947368,7.33333333333333,7.92731829573935,0,0,0,0,0,0,0,0,NA,30.1666666666667
"Jaberg",46.818181,7.569789,252,2.68421052631579,2.63157894736842,2.52631578947368,2.57894736842105,2.36842105263158,2.36842105263158,2.42105263157895,2.51127819548872,0,0,0,0,0,0,0,0,NA,26.7159090909091
"Kaufdorf",46.837938,7.498229,1061,7.78947368421053,7.68421052631579,7.78947368421053,7.89473684210526,7.47368421052632,9.52631578947368,7.65217391304348,7.97286694998366,0,0,0,0,0,0,0,0,NA,23.2264957264957
"Kehrsatz",46.911943,7.473184,4226,32.4093567251462,34.4093567251462,32.6198830409357,33.2514619883041,34.5877192982456,29.4473684210526,21.3333333333333,31.1512113617377,0,0,0,0,0,0,0,0,NA,16.1790849673203
"Mühlethurnen",46.813992,7.509678,1395,7.78947368421053,7.68421052631579,7.78947368421053,7.89473684210526,7.47368421052632,9.52631578947368,7.33333333333333,7.92731829573935,0,0,0,0,0,0,0,0,NA,25.3760683760684
"Seftigen",46.789816,7.539,2211,7.78947368421053,7.68421052631579,7.78947368421053,7.89473684210526,7.47368421052632,9.52631578947368,7.33333333333333,7.92731829573935,0,0,0,0,0,0,0,0,NA,31.3717948717949
"Toffen",46.859652,7.491931,2527,7.4,7.3,7.4,7.5,7.1,9.05,7.33333333333333,7.58333333333333,0,0,0,0,0,0,0,0,NA,19.3333333333333
"Uttigen",46.793716,7.579181,1940,2.68421052631579,2.63157894736842,2.52631578947368,2.57894736842105,2.36842105263158,2.36842105263158,2.42105263157895,2.51127819548872,0,0,0,0,0,0,0,0,NA,28.7159090909091
"Langnau im Emmental",46.954646,7.804451,9154,9.06900584795322,10.127485380117,10.5877192982456,10.2263157894737,13.7719298245614,11.6549707602339,10.4912280701754,10.8469507101086,0,0,0,0,0,0,0,0,NA,50.2335744424352
"Lauperswil",46.964491,7.741817,2663,8.15204678362573,8.26315789473684,8.52631578947368,9.23976608187134,9.70760233918129,11.3216374269006,9.93567251461988,9.30659983291562,0,0,0,0,0,0,0,0,NA,49.5763297444962
"Rüderswil",46.982768,7.719668,2335,2.44444444444444,2.5,2.5,2.77777777777778,2.72222222222222,3.55555555555556,3.38888888888889,2.84126984126984,0,0,0,0,0,0,0,0,NA,49.6220472440945
"Signau",46.918898,7.725592,2697,3.36842105263158,3.36842105263158,3.63157894736842,3.78947368421053,9.36842105263158,9.21052631578947,3.15789473684211,5.12781954887218,0,0,0,0,0,0,0,0,NA,41.9671428571429
"Trubschachen",46.922889,7.846683,1425,2.17647058823529,2.23529411764706,2.29411764705882,2.29411764705882,2.17647058823529,2.125,2.25,2.22163865546218,0,0,0,0,0,0,0,0,NA,42
"Heimberg",46.787108,7.605935,6667,7.78947368421053,19.6842105263158,7.78947368421053,7.89473684210526,13.9736842105263,16.0263157894737,8.15570175438596,11.6162280701754,0,0,0,0,0,0,0,0,NA,38.8718348844673
"Thun",46.758283,7.628086,43500,15.7877536979704,30.7997936016512,15.8475877192982,16.0409356725146,27.5614035087719,36.672514619883,20.0877192982456,23.2568154454764,1.14285714285714,1.14285714285714,1.14285714285714,1.14285714285714,1.14285714285714,1.14285714285714,1.14285714285714,1.14285714285714,91.7432432432432,46.6344858910911
"Uetendorf",46.774144,7.569395,5998,7.78947368421053,7.68421052631579,7.78947368421053,7.89473684210526,7.47368421052632,9.52631578947368,7.33333333333333,7.92731829573935,0,0,0,0,0,0,0,0,NA,35.3760683760684
"Zwieselberg",46.70912,7.609926,306,0,0,0,0,4,4,0,1.14285714285714,0,0,0,0,0,0,0,0,NA,66.25
"Lützelflüh",47.009346,7.6886,4080,2.44444444444444,2.5,2.5,2.77777777777778,2.72222222222222,3.55555555555556,3.38888888888889,2.84126984126984,0,0,0,0,0,0,0,0,NA,47.6220472440945
"Herzogenbuchsee",47.188131,7.705705,6994,2.81052631578947,4.63157894736842,4.57894736842105,2.57894736842105,6.7,8.31578947368421,3.34782608695652,4.70908793723439,2.26666666666667,2.26666666666667,2.26666666666667,2.26666666666667,2.26666666666667,2.26666666666667,2.26666666666667,2.26666666666667,65.6588235294118,41.7285714285714
"Entlebuch",46.992236,8.064562,3349,2.17647058823529,2.23529411764706,2.29411764705882,2.29411764705882,2.17647058823529,2.125,2.25,2.22163865546218,0,0,0,0,0,0,0,0,NA,64.0666666666667
"Hasle (LU)",46.98034,8.053454,1748,2,2,2,3,2,0,0,1.57142857142857,0,0,0,0,0,0,0,0,NA,63
"Schüpfheim",46.951712,8.017812,4154,2.17647058823529,2.23529411764706,2.29411764705882,2.29411764705882,2.17647058823529,2.125,2.25,2.22163865546218,0,0,0,0,0,0,0,0,NA,57
"Werthenstein",47.032165,8.122252,2044,2,2,2,3,2,0,0,1.57142857142857,0,0,0,0,0,0,0,0,NA,81
"Escholzmatt-Marbach",46.890431,7.917651,4326,2.17647058823529,2.23529411764706,2.29411764705882,2.29411764705882,2.17647058823529,2.125,2.25,2.22163865546218,0,0,0,0,0,0,0,0,NA,50
"Ebikon",47.081207,8.338521,13106,0,0,0,0,0,0,0,0,4,4,4,4,4,4,4,4,50.3958333333333,NA
"Kriens",47.035095,8.279177,27046,2,2,2,3,2,0,0,1.57142857142857,0,0,0,0,0,0,0,0,NA,90
"Luzern",47.050545,8.305468,81295,8.50980392156863,9.65098039215686,11.5843137254902,10.5176470588235,8.45098039215686,8.17647058823529,14.1176470588235,10.1439775910364,9.84191176470588,9.84191176470588,9.84191176470588,9.84191176470588,9.84191176470588,9.84191176470588,9.84191176470588,9.84191176470588,54.8214146178769,81.0417948717949
"Malters",47.0384,8.183056,6988,0.411764705882353,0.470588235294118,0.529411764705882,0.529411764705882,0.411764705882353,4,6,1.76470588235294,0,0,0,0,0,0,0,0,NA,80.8
"Meierskappel",47.123963,8.443542,1352,0,0,0,0,0,0,0,0,4.64802631578947,4.64802631578947,4.64802631578947,4.64802631578947,4.64802631578947,4.64802631578947,4.64802631578947,4.64802631578947,36.665203962704,NA
"Root",47.115344,8.391109,4718,0,0,0,0,0,0,0,0,1,1,1,1,1,1,1,1,45.5,NA
"Sursee",47.174037,8.108965,9490,1.47058823529412,1.58823529411765,1.58823529411765,1.47058823529412,1.41176470588235,1.35294117647059,1.52941176470588,1.48739495798319,0,0,0,0,0,0,0,0,NA,48.5416666666667
"Wolhusen",47.05747,8.073151,4319,4.5546218487395,4.61344537815126,4.67226890756303,5.67226890756303,4.5546218487395,6.14285714285714,8.14285714285714,5.47899159663866,0,0,0,0,0,0,0,0,NA,73.4
"Erstfeld",46.821509,8.649964,3774,0,0,0,0,0,0,0,0,0.928571428571429,0.928571428571429,0.928571428571429,0.928571428571429,0.928571428571429,0.928571428571429,0.928571428571429,0.928571428571429,88,NA
"Flüelen",46.902724,8.625348,1972,0,0,0,0,0,0,0,0,1.375,1.375,1.375,1.375,1.375,1.375,1.375,1.375,79.1759259259259,NA
"Göschenen",46.667649,8.588703,438,0,0,0,0,0,0,0,0,0.5,0.5,0.5,0.5,0.5,0.5,0.5,0.5,116.8125,NA
"Freienbach",47.204411,8.759882,16037,0,0,0,0,0,0,0,0,9.36842105263158,9.36842105263158,9.36842105263158,9.36842105263158,9.36842105263158,9.36842105263158,9.36842105263158,9.36842105263158,41.7350054525627,NA
"Wollerau",47.195724,8.71947,7048,0,0,0,0,0,0,0,0,9.36842105263158,9.36842105263158,9.36842105263158,9.36842105263158,9.36842105263158,9.36842105263158,9.36842105263158,9.36842105263158,39.1294983642312,NA
"Küssnacht (SZ)",47.081526,8.449491,12423,0,0,0,0,0,0,0,0,2,2,2,2,2,2,2,2,45,NA
"Altendorf",47.191637,8.829498,6744,0,0,0,0,0,0,0,0,24.9394736842105,24.9394736842105,24.9394736842105,24.9394736842105,24.9394736842105,24.9394736842105,24.9394736842105,24.9394736842105,44.0124066101092,NA
"Lachen",47.192383,8.852383,8480,0,0,0,0,0,0,0,0,8.35,8.35,8.35,8.35,8.35,8.35,8.35,8.35,46.4734195402299,NA
"Reichenburg",47.169179,8.975462,3418,0,0,0,0,0,0,0,0,2,2,2,2,2,2,2,2,60.0224719101124,NA
"Schübelbach",47.172673,8.928746,9016,0,0,0,0,0,0,0,0,2,2,2,2,2,2,2,2,58.0224719101124,NA
"Wangen (SZ)",47.194914,8.888436,4884,0,0,0,0,0,0,0,0,8.26315789473684,8.26315789473684,8.26315789473684,8.26315789473684,8.26315789473684,8.26315789473684,8.26315789473684,8.26315789473684,45.3787375415282,NA
"Arth",47.064455,8.523867,11597,0,0,0,0,0,0,0,0,3.44642857142857,3.44642857142857,3.44642857142857,3.44642857142857,3.44642857142857,3.44642857142857,3.44642857142857,3.44642857142857,54.3843137254902,NA
"Ingenbohl",47.000758,8.615023,8695,0,0,0,0,0,0,0,0,2.92857142857143,2.92857142857143,2.92857142857143,2.92857142857143,2.92857142857143,2.92857142857143,2.92857142857143,2.92857142857143,68.5,NA
"Schwyz",47.021185,8.65356,14856,0,0,0,0,0,0,0,0,0.882352941176471,0.882352941176471,0.882352941176471,0.882352941176471,0.882352941176471,0.882352941176471,0.882352941176471,0.882352941176471,64,NA
"Steinen",47.050055,8.610829,3312,0,0,0,0,0,0,0,0,2,2,2,2,2,2,2,2,60,NA
"Glarus Nord",47.106669,9.079663,17797,0,0,0,0,0,0,0,0,2.28571428571429,2.28571428571429,2.28571428571429,2.28571428571429,2.28571428571429,2.28571428571429,2.28571428571429,2.28571428571429,53.65,NA
"Glarus Süd",46.918509,9.092778,9661,0,0,0,0,0,0,0,0,5.71428571428571,5.71428571428571,5.71428571428571,5.71428571428571,5.71428571428571,5.71428571428571,5.71428571428571,5.71428571428571,90.4,NA
"Glarus",47.042212,9.067404,12570,0,0,0,0,0,0,0,0,8,8,8,8,8,8,8,8,69.8214285714286,NA
"Baar",47.195198,8.525399,23561,0,0,0,0,0,0,0,0,4.72105263157895,4.72105263157895,4.72105263157895,4.72105263157895,4.72105263157895,4.72105263157895,4.72105263157895,4.72105263157895,31.4480240549828,NA
"Cham",47.182376,8.461104,15954,0,0,0,0,0,0,0,0,1,1,1,1,1,1,1,1,32.7142857142857,NA
"Steinhausen",47.197508,8.486014,9543,0,0,0,0,0,0,0,0,6.73684210526316,6.73684210526316,6.73684210526316,6.73684210526316,6.73684210526316,6.73684210526316,6.73684210526316,6.73684210526316,44.7804763357226,NA
"Zug",47.16799,8.517365,29256,0,0,0,0,0,0,0,0,15.230615755074,15.230615755074,15.230615755074,15.230615755074,15.230615755074,15.230615755074,15.230615755074,15.230615755074,37.8365766469313,NA
"Romont (FR)",46.698611,6.923026,5193,2.78947368421053,2.61111111111111,2.66666666666667,2.83333333333333,2.11111111111111,3.10526315789474,3.61111111111111,2.81829573934837,0,0,0,0,0,0,0,0,NA,43.6785714285714
"Bulle",46.619097,7.058115,21991,1.15384615384615,1.15384615384615,1.15384615384615,1.15384615384615,1.15384615384615,1.15384615384615,1.07692307692308,1.14285714285714,0,0,0,0,0,0,0,0,NA,61
"Granges-Paccot",46.823973,7.144193,3358,26.0362573099415,19.8304093567251,21.8801169590643,23.6900584795322,12.4766081871345,18.953216374269,11.8433918128655,19.2442940685046,1.70588235294118,1.70588235294118,1.70588235294118,1.70588235294118,1.70588235294118,1.70588235294118,1.70588235294118,1.70588235294118,89.4651162790698,29.8250822996622
"Galmiz",46.949381,7.158597,645,0,0,0,0,1,1,0,0.285714285714286,0,0,0,0,0,0,0,0,NA,34
"Kerzers",46.976132,7.197283,4848,9.02777777777778,10.0277777777778,9.02777777777778,9.63888888888889,9.32222222222222,9.3969298245614,5.25833333333333,8.81424394319131,0,0,0,0,0,0,0,0,NA,24.9216489874638
"Muntelier",46.938625,7.130587,955,0,0,0,0,1,1,0,0.285714285714286,0,0,0,0,0,0,0,0,NA,49
"Murten",46.928408,7.116332,6638,0,0,0,0,2,2,0,0.571428571428571,0,0,0,0,0,0,0,0,NA,44
"Ried bei Kerzers",46.966267,7.174965,1095,0,0,0,0,1,1,0,0.285714285714286,0,0,0,0,0,0,0,0,NA,30
"Bas-Vully",46.963181,7.105089,2120,0,0,0,0,1,1,0,0.285714285714286,0,0,0,0,0,0,0,0,NA,51
"Düdingen",46.849747,7.190444,7794,8.85,3.15,9.9,7.3,6.3,3.8,2.8,6.01428571428571,0,0,0,0,0,0,0,0,NA,25.3782051282051
"Schmitten (FR)",46.856056,7.247401,4040,7.75,8.85526315789474,10.3026315789474,12.0131578947368,3.63157894736842,2.89473684210526,9.33333333333333,7.82581453634085,0,0,0,0,0,0,0,0,NA,24.5136363636364
"Wünnewil-Flamatt",46.874346,7.278729,5455,4,4.3,5.55,5.9,2.55,2.75,4.04166666666667,4.15595238095238,0,0,0,0,0,0,0,0,NA,22.761744966443
"Oensingen",47.28749,7.711047,6203,0,0,0,0,0,0,0,0,2.66666666666667,2.66666666666667,2.66666666666667,2.66666666666667,2.66666666666667,2.66666666666667,2.66666666666667,2.66666666666667,53.52,NA
"Kienberg",47.459138,8.918297,521,0,0,0,0,0,0,0,0,1.3125,1.3125,1.3125,1.3125,1.3125,1.3125,1.3125,1.3125,46,NA
"Biberist",47.181061,7.562609,8223,2.52631578947368,2.52631578947368,2.52631578947368,2.52631578947368,6.52631578947368,6,2,3.5187969924812,0,0,0,0,0,0,0,0,NA,45.2208333333333
"Lohn-Ammannsegg",47.171087,7.526753,2706,2.52631578947368,2.52631578947368,2.52631578947368,2.52631578947368,6.52631578947368,6,2,3.5187969924812,0,0,0,0,0,0,0,0,NA,40.0208333333333
"Grenchen",47.196871,7.396579,16741,0,0,0,0,0,0,0,0,2.78947368421053,2.78947368421053,2.78947368421053,2.78947368421053,2.78947368421053,2.78947368421053,2.78947368421053,2.78947368421053,74.6590909090909,NA
"Däniken",47.354865,7.981179,2769,0,0,0,0,0,0,0,0,2,2,2,2,2,2,2,2,60,NA
"Dulliken",47.353718,7.942468,4897,0,0,0,0,0,0,0,0,2,2,2,2,2,2,2,2,62,NA
"Olten",47.349657,7.903787,17833,12.75608875129,11.8694444444444,12.0571207430341,10.7427760577915,8.76111111111111,13.6528250773994,15.3223891730605,12.1659650511616,11.7937564499484,11.7937564499484,11.7937564499484,11.7937564499484,11.7937564499484,11.7937564499484,11.7937564499484,11.7937564499484,46.5404218881911,41.0848351018796
"Schönenwerd",47.372156,8.005442,4873,0,0,0,0,0,0,0,0,2,2,2,2,2,2,2,2,58,NA
"Solothurn",47.208136,7.538405,16721,2.52631578947368,5.52631578947368,2.52631578947368,2.52631578947368,7.52631578947368,8.5,2,4.44736842105263,4.88888888888889,4.88888888888889,4.88888888888889,4.88888888888889,4.88888888888889,4.88888888888889,4.88888888888889,4.88888888888889,63.6538461538462,50.1840277777778
"Basel",47.558108,7.587826,169916,8.99062971342383,8.54675716440422,9.55718056453351,8.50516052574876,10.543837535014,11.0368724412842,12.374358076564,9.9363994315675,18.9302776171197,18.9302776171197,18.9302776171197,18.9302776171197,18.9302776171197,18.9302776171197,18.9302776171197,18.9302776171197,68.1541199120159,68.6051879858054
"Schönenbuch",47.537212,7.502035,1374,0,0,0,0,0,0,0,0,0.727272727272727,0.727272727272727,0.727272727272727,0.727272727272727,0.727272727272727,0.727272727272727,0.727272727272727,0.727272727272727,80,NA
"Liestal",47.483972,7.734778,14079,2.05882352941176,2.23529411764706,2.05882352941176,1.88235294117647,2.35294117647059,4.11764705882353,4.17647058823529,2.69747899159664,2.17647058823529,2.17647058823529,2.17647058823529,2.17647058823529,2.17647058823529,2.17647058823529,2.17647058823529,2.17647058823529,59.1570247933884,58.020979020979
"Sissach",47.463477,7.812564,6624,5,6,5,4,5,4,4,4.71428571428571,2.17647058823529,2.17647058823529,2.17647058823529,2.17647058823529,2.17647058823529,2.17647058823529,2.17647058823529,2.17647058823529,52.1570247933884,54
"Bargen (SH)",47.794284,8.592083,291,0,0,0,0,0,0,0,0,0,0,0,0,0,0,0,0,473,NA
"Neuhausen am Rheinfall",47.678596,8.59841,10316,0,0,0,0,0,0,0,0,4.36842105263158,4.36842105263158,4.36842105263158,4.36842105263158,4.36842105263158,4.36842105263158,4.36842105263158,4.36842105263158,50.6588541666667,NA
"Schaffhausen",47.696049,8.634513,35948,0,0,0,0,0,0,0,0,10.5216503267974,10.5216503267974,10.5216503267974,10.5216503267974,10.5216503267974,10.5216503267974,10.5216503267974,10.5216503267974,49.48013136289,NA
"Ramsen",47.706842,8.811546,1371,0,0,0,0,0,0,0,0,1.42857142857143,1.42857142857143,1.42857142857143,1.42857142857143,1.42857142857143,1.42857142857143,1.42857142857143,1.42857142857143,51,NA
"St. Gallen",47.425059,9.376588,75538,2.35714285714286,2.21428571428571,2.14285714285714,2.28571428571429,1.42857142857143,3.64285714285714,3.78571428571429,2.55102040816327,8.65204678362573,8.65204678362573,8.65204678362573,8.65204678362573,8.65204678362573,8.65204678362573,8.65204678362573,8.65204678362573,74.0284450442345,134.209302325581
"Rorschach",47.47763,9.501998,9214,0,0,0,0,0,0,0,0,2.46666666666667,2.46666666666667,2.46666666666667,2.46666666666667,2.46666666666667,2.46666666666667,2.46666666666667,2.46666666666667,90,NA
"St. Margrethen",47.451028,9.641025,5792,0,0,0,0,0,0,0,0,5.01212121212121,5.01212121212121,5.01212121212121,5.01212121212121,5.01212121212121,5.01212121212121,5.01212121212121,5.01212121212121,103.780952380952,NA
"Widnau",47.405343,9.635629,9329,0,0,0,0,0,0,0,0,2.46666666666667,2.46666666666667,2.46666666666667,2.46666666666667,2.46666666666667,2.46666666666667,2.46666666666667,2.46666666666667,104,NA
"Altstätten",47.378347,9.541277,11358,0,0,0,0,0,0,0,0,2.46666666666667,2.46666666666667,2.46666666666667,2.46666666666667,2.46666666666667,2.46666666666667,2.46666666666667,2.46666666666667,110,NA
"Rüthi (SG)",47.293517,9.536892,2256,0,0,0,0,0,0,0,0,1,1,1,1,1,1,1,1,96,NA
"Buchs (SG)",47.169949,9.476453,12414,0,0,0,0,0,0,0,0,3.46666666666667,3.46666666666667,3.46666666666667,3.46666666666667,3.46666666666667,3.46666666666667,3.46666666666667,3.46666666666667,97,NA
"Bad Ragaz",47.002528,9.501644,5739,0,0,0,0,0,0,0,0,3.9375,3.9375,3.9375,3.9375,3.9375,3.9375,3.9375,3.9375,114.822784810127,NA
"Flums",47.093967,9.343589,4869,0,0,0,0,0,0,0,0,0,0,0,0,0,0,0,0,66,NA
"Quarten",47.107202,9.240747,2846,0,0,0,0,0,0,0,0,0.272727272727273,0.272727272727273,0.272727272727273,0.272727272727273,0.272727272727273,0.272727272727273,0.272727272727273,0.272727272727273,70.6451612903226,NA
"Sargans",47.048264,9.4402,6026,0,0,0,0,0,0,0,0,7.33189033189033,7.33189033189033,7.33189033189033,7.33189033189033,7.33189033189033,7.33189033189033,7.33189033189033,7.33189033189033,91.8248780487805,NA
"Walenstadt",47.123646,9.314992,5520,0,0,0,0,0,0,0,0,2.58823529411765,2.58823529411765,2.58823529411765,2.58823529411765,2.58823529411765,2.58823529411765,2.58823529411765,2.58823529411765,62.8034825870647,NA
"Schänis",47.159176,9.046679,3762,0,0,0,0,0,0,0,0,20.531153250774,20.531153250774,20.531153250774,20.531153250774,20.531153250774,20.531153250774,20.531153250774,20.531153250774,59.7980981710709,NA
"Rapperswil-Jona",47.229828,8.859651,26875,0,0,0,0,0,0,0,0,6.21052631578947,6.21052631578947,6.21052631578947,6.21052631578947,6.21052631578947,6.21052631578947,6.21052631578947,6.21052631578947,39.8802083333333,NA
"Flawil",47.414613,9.186149,10368,2,2,2,2,2,4,6,2.85714285714286,5.26315789473684,5.26315789473684,5.26315789473684,5.26315789473684,5.26315789473684,5.26315789473684,5.26315789473684,5.26315789473684,61.218137254902,136
"Uzwil",47.437051,9.13332,12781,2,2,2,2,2,4,6,2.85714285714286,5.26315789473684,5.26315789473684,5.26315789473684,5.26315789473684,5.26315789473684,5.26315789473684,5.26315789473684,5.26315789473684,59.4224137931034,130
"Wil (SG)",47.463169,9.051186,23667,2,2,2,2,2,4,6,2.85714285714286,6.57565789473684,6.57565789473684,6.57565789473684,6.57565789473684,6.57565789473684,6.57565789473684,6.57565789473684,6.57565789473684,51.4493464052288,121
"Gossau (SG)",47.42534,9.259042,18005,2,2,2,2,2,4,6,2.85714285714286,5.26315789473684,5.26315789473684,5.26315789473684,5.26315789473684,5.26315789473684,5.26315789473684,5.26315789473684,5.26315789473684,67.4634146341463,142
"Chur",46.855515,9.525407,34652,0,0,0,0,0,0,0,0,6.81512605042017,6.81512605042017,6.81512605042017,6.81512605042017,6.81512605042017,6.81512605042017,6.81512605042017,6.81512605042017,104.717012566248,NA
"Maienfeld",47.007729,9.530923,2767,0,0,0,0,0,0,0,0,0,0,0,0,0,0,0,0,83,NA
"Landquart",46.961372,9.560341,8822,0,0,0,0,0,0,0,0,6.3109243697479,6.3109243697479,6.3109243697479,6.3109243697479,6.3109243697479,6.3109243697479,6.3109243697479,6.3109243697479,120.377073906486,NA
"Aarau",47.392715,8.044445,20710,6.13333333333333,5.33333333333333,4.4,5.4,5.4,2.6,4.6,4.83809523809524,11.5459893048128,11.5459893048128,11.5459893048128,11.5459893048128,11.5459893048128,11.5459893048128,11.5459893048128,11.5459893048128,36.671823943788,42
"Baden",47.473683,8.308682,19012,1.2,1.33333333333333,1.4,1.4,1.4,1.6,1.6,1.41904761904762,18.6114236999147,18.6114236999147,18.6114236999147,18.6114236999147,18.6114236999147,18.6114236999147,18.6114236999147,18.6114236999147,30.8725338106603,64
"Killwangen",47.431555,8.351877,1960,0,0,0,0,0,0,0,0,9.36363636363636,9.36363636363636,9.36363636363636,9.36363636363636,9.36363636363636,9.36363636363636,9.36363636363636,9.36363636363636,19.6642402183803,NA
"Mägenwil",47.412226,8.230193,2083,0,0,0,0,0,0,0,0,2.27777777777778,2.27777777777778,2.27777777777778,2.27777777777778,2.27777777777778,2.27777777777778,2.27777777777778,2.27777777777778,31.365,NA
"Mellingen",47.419513,8.274659,5343,0,0,0,0,0,0,0,0,2.27777777777778,2.27777777777778,2.27777777777778,2.27777777777778,2.27777777777778,2.27777777777778,2.27777777777778,2.27777777777778,27.0429292929293,NA
"Neuenhof",47.446987,8.32735,8819,0,0,0,0,0,0,0,0,8.45454545454546,8.45454545454546,8.45454545454546,8.45454545454546,8.45454545454546,8.45454545454546,8.45454545454546,8.45454545454546,24.9691689008043,NA
"Turgi",47.493159,8.251889,2988,2,2,2,2,2,1,1,1.71428571428571,5.62121212121212,5.62121212121212,5.62121212121212,5.62121212121212,5.62121212121212,5.62121212121212,5.62121212121212,5.62121212121212,36.1296505221179,59
"Wettingen",47.467866,8.322085,20298,0,0,0,0,0,0,0,0,6.2488038277512,6.2488038277512,6.2488038277512,6.2488038277512,6.2488038277512,6.2488038277512,6.2488038277512,6.2488038277512,28.9213696612666,NA
"Würenlingen",47.532088,8.256962,4577,0,0,0,0,0,0,0,0,0.583333333333333,0.583333333333333,0.583333333333333,0.583333333333333,0.583333333333333,0.583333333333333,0.583333333333333,0.583333333333333,37,NA
"Würenlos",47.442026,8.361638,6200,0,0,0,0,0,0,0,0,2.15789473684211,2.15789473684211,2.15789473684211,2.15789473684211,2.15789473684211,2.15789473684211,2.15789473684211,2.15789473684211,32.9310344827586,NA
"Wohlen (AG)",47.350495,8.278691,15600,0,0,0,0,0,0,0,0,0.692307692307692,0.692307692307692,0.692307692307692,0.692307692307692,0.692307692307692,0.692307692307692,0.692307692307692,0.692307692307692,38.8181818181818,NA
"Brugg",47.482463,8.208566,11200,1.2,1.33333333333333,1.4,1.4,1.4,1.6,1.6,1.41904761904762,14.7906432748538,14.7906432748538,14.7906432748538,14.7906432748538,14.7906432748538,14.7906432748538,14.7906432748538,14.7906432748538,37.7642600514395,54
"Lupfig",47.439663,8.205604,2296,0,0,0,0,0,0,0,0,2,2,2,2,2,2,2,2,42,NA
"Frick",47.507508,8.020307,5284,0,0,0,0,0,0,0,0,6.75,6.75,6.75,6.75,6.75,6.75,6.75,6.75,45.5264705882353,NA
"Dintikon",47.363643,8.227791,2168,0,0,0,0,0,0,0,0,0.692307692307692,0.692307692307692,0.692307692307692,0.692307692307692,0.692307692307692,0.692307692307692,0.692307692307692,0.692307692307692,35.8181818181818,NA
"Hendschiken",47.385482,8.217434,1163,0,0,0,0,0,0,0,0,0.692307692307692,0.692307692307692,0.692307692307692,0.692307692307692,0.692307692307692,0.692307692307692,0.692307692307692,0.692307692307692,32.8181818181818,NA
"Holderbank (AG)",47.427089,8.168665,1148,0,0,0,0,0,0,0,0,0.882352941176471,0.882352941176471,0.882352941176471,0.882352941176471,0.882352941176471,0.882352941176471,0.882352941176471,0.882352941176471,47.4210526315789,NA
"Niederlenz",47.401922,8.175836,4546,0,0,0,0,0,0,0,0,5.375,5.375,5.375,5.375,5.375,5.375,5.375,5.375,33.4390774586597,NA
"Othmarsingen",47.402348,8.21629,2697,0,0,0,0,0,0,0,0,2.23232323232323,2.23232323232323,2.23232323232323,2.23232323232323,2.23232323232323,2.23232323232323,2.23232323232323,2.23232323232323,37.4023266022827,NA
"Rupperswil",47.402728,8.127448,5144,0,0,0,0,0,0,0,0,0.722222222222222,0.722222222222222,0.722222222222222,0.722222222222222,0.722222222222222,0.722222222222222,0.722222222222222,0.722222222222222,48.7767857142857,NA
"Staufen",47.379984,8.166527,2937,4,4,3,4,4,1,3,3.28571428571429,0.15,0.15,0.15,0.15,0.15,0.15,0.15,0.15,32.4285714285714,54
"Boswil",47.300436,8.31375,2780,0,0,0,0,0,0,0,0,0.642857142857143,0.642857142857143,0.642857142857143,0.642857142857143,0.642857142857143,0.642857142857143,0.642857142857143,0.642857142857143,44.7272727272727,NA
"Muri (AG)",47.273613,8.340487,7591,0,0,0,0,0,0,0,0,0.642857142857143,0.642857142857143,0.642857142857143,0.642857142857143,0.642857142857143,0.642857142857143,0.642857142857143,0.642857142857143,47.7272727272727,NA
"Rheinfelden",47.554386,7.792291,13105,0,0,0,0,0,0,0,0,7.10526315789474,7.10526315789474,7.10526315789474,7.10526315789474,7.10526315789474,7.10526315789474,7.10526315789474,7.10526315789474,60.1058823529412,NA
"Stein (AG)",47.545121,7.954004,3136,0,0,0,0,0,0,0,0,3.68421052631579,3.68421052631579,3.68421052631579,3.68421052631579,3.68421052631579,3.68421052631579,3.68421052631579,3.68421052631579,49.1460674157303,NA
"Zofingen",47.288491,7.945826,11487,2.41176470588235,2.52941176470588,2.52941176470588,2.41176470588235,2.35294117647059,2.35294117647059,1.52941176470588,2.30252100840336,0,0,0,0,0,0,0,0,41,31.8085106382979
"Döttingen",47.573967,8.256852,3799,0,0,0,0,0,0,0,0,3.5,3.5,3.5,3.5,3.5,3.5,3.5,3.5,41,NA
"Klingnau",47.581005,8.250009,3312,0,0,0,0,0,0,0,0,0.583333333333333,0.583333333333333,0.583333333333333,0.583333333333333,0.583333333333333,0.583333333333333,0.583333333333333,0.583333333333333,44,NA
"Koblenz",47.60886,8.238753,1628,0,0,0,0,0,0,0,0,0.583333333333333,0.583333333333333,0.583333333333333,0.583333333333333,0.583333333333333,0.583333333333333,0.583333333333333,0.583333333333333,47,NA
"Schneisingen",47.519687,8.36277,1336,0,0,0,0,0,0,0,0,2.77777777777778,2.77777777777778,2.77777777777778,2.77777777777778,2.77777777777778,2.77777777777778,2.77777777777778,2.77777777777778,34.8255813953488,NA
"Romanshorn",47.565445,9.377604,10753,2.5,2.6875,2.5625,2.6875,2.4375,3.5,3.6875,2.86607142857143,4.58823529411765,4.58823529411765,4.58823529411765,4.58823529411765,4.58823529411765,4.58823529411765,4.58823529411765,4.58823529411765,69.1960784313726,137.479166666667
"Amriswil",47.550023,9.298122,13113,2.5,2.6875,2.5625,2.6875,2.4375,3.5,3.6875,2.86607142857143,2.70588235294118,2.70588235294118,2.70588235294118,2.70588235294118,2.70588235294118,2.70588235294118,2.70588235294118,2.70588235294118,67.4615384615385,131.479166666667
"Sulgen",47.545265,9.181648,3708,0,0,0,0,0,0,0,0,2,2,2,2,2,2,2,2,53,NA
"Aadorf",47.491578,8.902953,8794,0,0,0,0,0,0,0,0,1.3125,1.3125,1.3125,1.3125,1.3125,1.3125,1.3125,1.3125,43,NA
"Felben-Wellhausen",47.575645,8.939863,2691,0,0,0,0,0,0,0,0,2.2,2.2,2.2,2.2,2.2,2.2,2.2,2.2,60,NA
"Frauenfeld",47.556236,8.896414,24864,2.5,2.6875,2.5625,2.6875,2.4375,3.5,3.6875,2.86607142857143,6.82352941176471,6.82352941176471,6.82352941176471,6.82352941176471,6.82352941176471,6.82352941176471,6.82352941176471,6.82352941176471,47.2027972027972,107.479166666667
"Gachnang",47.539652,8.852373,3984,0,0,0,0,0,0,0,0,2.2,2.2,2.2,2.2,2.2,2.2,2.2,2.2,52,NA
"Hüttlingen",47.57809,8.97971,830,0,0,0,0,0,0,0,0,2.2,2.2,2.2,2.2,2.2,2.2,2.2,2.2,62,NA
"Kreuzlingen",47.646436,9.172562,21542,0,0,0,0,0,0,0,0,9.44583333333333,9.44583333333333,9.44583333333333,9.44583333333333,9.44583333333333,9.44583333333333,9.44583333333333,9.44583333333333,80.6776677667767,NA
"Eschlikon",47.462695,8.957156,4278,0,0,0,0,0,0,0,0,1.3125,1.3125,1.3125,1.3125,1.3125,1.3125,1.3125,1.3125,49,NA
"Sirnach",47.461402,8.99343,7675,0,0,0,0,0,0,0,0,1.3125,1.3125,1.3125,1.3125,1.3125,1.3125,1.3125,1.3125,53,NA
"Märstetten",47.592609,9.0678,2758,0,0,0,0,0,0,0,0,2.2,2.2,2.2,2.2,2.2,2.2,2.2,2.2,69,NA
"Weinfelden",47.566919,9.109754,11187,2.5,2.6875,2.5625,2.6875,2.4375,3.5,3.6875,2.86607142857143,7.4156862745098,7.4156862745098,7.4156862745098,7.4156862745098,7.4156862745098,7.4156862745098,7.4156862745098,7.4156862745098,66.7040650406504,119.479166666667
"Wigoltingen",47.59672,9.032068,2374,0,0,0,0,0,0,0,0,2.2,2.2,2.2,2.2,2.2,2.2,2.2,2.2,66,NA
"Bellinzona",46.191862,9.020456,18308,0,0,0,0,0,0,0,0,2.46666666666667,2.46666666666667,2.46666666666667,2.46666666666667,2.46666666666667,2.46666666666667,2.46666666666667,2.46666666666667,112.763157894737,NA
"Airolo",46.529031,8.608605,1576,0,0,0,0,0,0,0,0,0.5,0.5,0.5,0.5,0.5,0.5,0.5,0.5,128.666666666667,NA
"Muralto",46.173779,8.801198,2727,0,0,0,0,0,0,0,0,0,0,0,0,0,0,0,0,136,NA
"Lugano",46.00501,8.952028,63583,0,0,0,0,0,0,0,0,2.46666666666667,2.46666666666667,2.46666666666667,2.46666666666667,2.46666666666667,2.46666666666667,2.46666666666667,2.46666666666667,142.895424836601,NA
"Chiasso",45.835521,9.029017,8174,0,0,0,0,0,0,0,0,4.06904761904762,4.06904761904762,4.06904761904762,4.06904761904762,4.06904761904762,4.06904761904762,4.06904761904762,4.06904761904762,169.770768983269,NA
"Mendrisio",45.87099,8.987346,14938,0,0,0,0,0,0,0,0,2.33333333333333,2.33333333333333,2.33333333333333,2.33333333333333,2.33333333333333,2.33333333333333,2.33333333333333,2.33333333333333,161.117647058824,NA
"Lausanne",46.521827,6.632703,135629,8.21637426900585,8.05555555555556,6.16666666666667,4.88888888888889,4.22222222222222,6.16666666666667,10.1666666666667,6.84043441938179,2.90384615384615,2.90384615384615,2.90384615384615,2.90384615384615,2.90384615384615,2.90384615384615,2.90384615384615,2.90384615384615,137.841463414634,75.3243371212121
"Morges",46.509327,6.498317,15676,1.21428571428571,1.2,1.35714285714286,1.42857142857143,1.2,2.6047619047619,2.64285714285714,1.66394557823129,8.35714285714286,8.35714285714286,8.35714285714286,8.35714285714286,8.35714285714286,8.35714285714286,8.35714285714286,8.35714285714286,145.222222222222,90
"Nyon",46.382059,6.240279,20088,1.21428571428571,1.2,1.35714285714286,1.42857142857143,1.2,2.53333333333333,2.64285714285714,1.65374149659864,1,1,1,1,1,1,1,1,159.111111111111,106
"Oron",46.555835,6.827363,5309,2,1.77777777777778,1.83333333333333,2,1.27777777777778,2.31578947368421,2.83333333333333,2.00543024227235,0,0,0,0,0,0,0,0,NA,59.9009009009009
"Yverdon-les-Bains",46.775852,6.64207,29700,0,0,0,0,0,0,0,0,2.5625,2.5625,2.5625,2.5625,2.5625,2.5625,2.5625,2.5625,115.138888888889,NA
"Eggerberg",46.306493,7.878015,345,0,1,0,0,1,1,1,0.571428571428571,0,0,0,0,0,0,0,0,NA,116.5
"Naters",46.324266,7.988451,9808,7.37012987012987,7.43722943722944,6.28679653679654,6.63528138528139,7.47294372294372,11.3560606060606,8.82144522144522,7.91141239712668,3,3,3,3,3,3,3,3,140.883333333333,78.2612954642511
"Zwischbergen",46.16218,8.116486,84,0.454545454545455,0.454545454545455,0.454545454545455,0.545454545454545,0.636363636363636,1.54545454545455,1.27272727272727,0.766233766233766,0,0,0,0,0,0,0,0,NA,107.791666666667
"Ausserberg",46.315309,7.852578,628,0,1,0,0,1,1,1,0.571428571428571,0,0,0,0,0,0,0,0,NA,113.5
"Ferden",46.394285,7.75918,244,0,1,0,0,1,1,1,0.571428571428571,0,0,0,0,0,0,0,0,NA,92
"Steg-Hohtenn",46.334781,7.768108,1573,0,1,0,0,1,1,1,0.571428571428571,0,0,0,0,0,0,0,0,NA,106.5
"Visp",46.291311,7.881192,7665,2.5,2.5625,2.4375,2.6875,2.5625,9.625,5.87619047619048,4.0358843537415,1.14285714285714,1.14285714285714,1.14285714285714,1.14285714285714,1.14285714285714,1.14285714285714,1.14285714285714,1.14285714285714,130.095890410959,62.9487858719647
"Corcelles-Cormondrèche",46.985215,6.868857,4719,1.58823529411765,1.58823529411765,1.58823529411765,1.17647058823529,1.11764705882353,1.17647058823529,1.05882352941176,1.32773109243697,0,0,0,0,0,0,0,0,NA,53
"Rochefort",46.986716,6.806904,1121,1.58823529411765,1.58823529411765,1.58823529411765,1.17647058823529,1.11764705882353,1.17647058823529,1.05882352941176,1.32773109243697,0,0,0,0,0,0,0,0,NA,46
"La Chaux-de-Fonds",47.103287,6.832455,38957,1.58823529411765,1.58823529411765,1.58823529411765,1.17647058823529,1.11764705882353,1.17647058823529,1.05882352941176,1.32773109243697,0,0,0,0,0,0,0,0,NA,65
"Neuchâtel",46.989583,6.929264,33712,3.73684210526316,3.68421052631579,3.68421052631579,3.31578947368421,3.21052631578947,3.16666666666667,5.05555555555556,3.69340016708438,3.5,3.5,3.5,3.5,3.5,3.5,3.5,3.5,93.5700934579439,46.1313131313131
"Saint-Blaise",47.013084,6.987948,3284,3,2.5,2.5,2.5,2.5,2,4,2.71428571428571,0,0,0,0,0,0,0,0,NA,44.25
"La Tène",47.006916,7.023445,4929,8,8,8,8,8,4,6,7.14285714285714,0,0,0,0,0,0,0,0,NA,42.25
"Val-de-Ruz",47.056779,6.909906,16586,1.58823529411765,1.58823529411765,1.58823529411765,1.17647058823529,1.11764705882353,1.17647058823529,1.05882352941176,1.32773109243697,0,0,0,0,0,0,0,0,NA,58
"Genève",46.201756,6.146601,198072,2.78571428571429,2.78571428571429,2.85714285714286,3.06190476190476,2.57142857142857,4.9,5.64285714285714,3.51496598639456,3.85714285714286,3.85714285714286,3.85714285714286,3.85714285714286,3.85714285714286,3.85714285714286,3.85714285714286,3.85714285714286,166.307924606894,114.499497108373
"Le Grand-Saconnex",46.236332,6.126532,12107,4.58461538461538,3.71794871794872,3.9043956043956,4.27802197802198,3.47692307692308,6.11794871794872,6.63186813186813,4.6731030873888,4.17857142857143,4.17857142857143,4.17857142857143,4.17857142857143,4.17857142857143,4.17857142857143,4.17857142857143,4.17857142857143,178.552481939775,126.379519774011
